,model,dataset,epoch,train_AUC,train_ACC,val_AUC,val_ACC,epoch_time,train_precision,train_recall,train_f1,val_precision,val_recall,val_f1
0,MedViT2D,bloodmnist,1.0,0.7809621774270212,0.1875,0.7935824404574405,0.15,42.51356339454651,0.0609913793103448,0.1796875,0.0789141414141414,0.0329153605015674,0.1375,0.0486694677871148
1,MedViT2D,bloodmnist,2.0,0.8933790132715914,0.6875,0.7838747298122298,0.55,42.20619750022888,0.5366705851619644,0.4885416666666666,0.4684994727834385,0.3859848484848485,0.3827380952380952,0.358276862026862
2,MedViT2D,bloodmnist,3.0,0.9415018793143792,0.7625,0.9064281186156186,0.725,42.34684753417969,0.533531746031746,0.5914434523809524,0.552533442605194,0.6306051587301588,0.5663690476190476,0.5619047619047619
3,MedViT2D,bloodmnist,4.0,0.9500888305868774,0.725,0.914477976040476,0.725,42.38923764228821,0.6346611721611721,0.5973958333333333,0.578774154589372,0.7279671717171717,0.5931547619047619,0.5931197478991597
4,MedViT2D,bloodmnist,5.0,0.9536504522100224,0.825,0.9470300654675654,0.7,42.33731913566589,0.8787878787878788,0.7194940476190477,0.7263392857142857,0.6275974025974026,0.5994047619047619,0.5850840336134454
5,MedViT2D,bloodmnist,6.0,0.9593082853678556,0.825,0.9303958513333512,0.8,42.082847118377686,0.7761217948717949,0.7255952380952381,0.7335403726708074,0.7263621794871795,0.6547619047619048,0.6537714097496706
6,MedViT2D,bloodmnist,7.0,0.9600551848647552,0.825,0.9244406353781354,0.75,41.69932699203491,0.7708614484930274,0.7392857142857142,0.7421888425758394,0.6552083333333334,0.5985119047619047,0.6011363636363636
7,MedViT2D,bloodmnist,8.0,0.9725875027193386,0.8125,0.9088848632598632,0.75,41.997084856033325,0.7612980769230769,0.759970238095238,0.7419664423740511,0.5858585858585859,0.6056547619047619,0.5873241341991342
8,MedViT2D,bloodmnist,9.0,0.967893217512358,0.8875,0.9483618267993268,0.8,41.9964644908905,0.8510964912280702,0.7976190476190477,0.814985014985015,0.7552083333333333,0.6785714285714286,0.6761363636363636
9,MedViT2D,bloodmnist,10.0,0.9775162823258526,0.875,0.926045801045801,0.825,42.3707127571106,0.8038194444444444,0.7779017857142856,0.7848345588235295,0.743844696969697,0.6592261904761905,0.6741071428571428
10,MedViT2D,bloodmnist,11.0,0.9792038142038142,0.9125,0.99471519002769,0.875,42.02696967124939,0.8850108225108225,0.8601190476190477,0.8357142857142857,0.8333333333333333,0.8497023809523809,0.7970467032967032
11,MedViT2D,bloodmnist,12.0,0.973419035919036,0.875,0.9560093210093212,0.75,42.01873302459717,0.8585470085470086,0.7909226190476191,0.7979080015844722,0.6808035714285714,0.713095238095238,0.6533730158730159
12,MedViT2D,bloodmnist,13.0,0.9831826459804976,0.85,0.96998721998722,0.825,41.84019708633423,0.8252840909090908,0.8208333333333333,0.7928129984051036,0.7055288461538461,0.6830357142857143,0.6866718426501035
13,MedViT2D,bloodmnist,14.0,0.9639661577161576,0.9125,0.9408299152049152,0.8,42.01376676559448,0.9069940476190476,0.7916666666666666,0.8041666666666667,0.6891369047619047,0.6839285714285714,0.6719988344988345
14,MedViT2D,bloodmnist,15.0,0.9982303732303732,0.9375,0.9540011649386648,0.85,41.76017451286316,0.926830808080808,0.879092261904762,0.8780106061030946,0.7572916666666667,0.7247023809523809,0.7128205128205128
15,MedViT2D,bloodmnist,16.0,0.9836309523809524,0.9625,0.9720881324006324,0.825,41.79357075691223,0.9410714285714286,0.9077380952380952,0.8973214285714286,0.796875,0.7830357142857143,0.7465277777777777
16,MedViT2D,bloodmnist,17.0,0.9940476190476192,0.9375,0.962101173038673,0.775,41.80321979522705,0.9053030303030304,0.8571428571428571,0.8552655677655677,0.8041666666666667,0.7235119047619047,0.6820818070818071
17,MedViT2D,bloodmnist,18.0,0.9944447367543072,0.8625,0.9700720403845404,0.85,41.793067932128906,0.8625679875679875,0.7898065476190477,0.7598104529329264,0.8654761904761905,0.8452380952380952,0.8264270451770452
18,MedViT2D,bloodmnist,19.0,0.9901244588744588,0.9375,0.9623624076749075,0.85,41.72121024131775,0.960858585858586,0.8125,0.8420589826839827,0.843547077922078,0.8080357142857142,0.7895833333333333
19,MedViT2D,bloodmnist,20.0,0.988095238095238,0.9,0.963056298993799,0.775,41.8715705871582,0.903125,0.8035714285714286,0.7834885022385022,0.8232638888888888,0.7660714285714285,0.756455240665767
20,MedViT2D,breastmnist,1.0,0.4827586206896551,0.275,0.5541125541125542,0.175,20.11332607269287,0.0,0.0,0.0,0.0,0.0,0.0
21,MedViT2D,breastmnist,2.0,0.4890282131661442,0.275,0.5411255411255411,0.175,20.100197315216064,0.0,0.0,0.0,0.0,0.0,0.0
22,MedViT2D,breastmnist,3.0,0.7899686520376176,0.325,0.7705627705627706,0.2,19.7193455696106,1.0,0.0689655172413793,0.1290322580645161,1.0,0.0303030303030303,0.0588235294117647
23,MedViT2D,breastmnist,4.0,0.7586206896551724,0.675,0.787878787878788,0.6,19.951534509658813,0.8636363636363636,0.6551724137931034,0.7450980392156863,0.9473684210526316,0.5454545454545454,0.6923076923076923
24,MedViT2D,breastmnist,5.0,0.7586206896551725,0.775,0.70995670995671,0.825,19.944320678710938,0.7631578947368421,1.0,0.8656716417910447,0.8421052631578947,0.9696969696969696,0.9014084507042254
25,MedViT2D,breastmnist,6.0,0.7648902821316614,0.525,0.7186147186147187,0.375,19.840500593185425,0.8571428571428571,0.4137931034482758,0.5581395348837209,0.9,0.2727272727272727,0.4186046511627907
26,MedViT2D,breastmnist,7.0,0.7931034482758621,0.75,0.7402597402597403,0.75,19.87348985671997,0.8275862068965517,0.8275862068965517,0.8275862068965517,0.896551724137931,0.7878787878787878,0.8387096774193549
27,MedViT2D,breastmnist,8.0,0.7962382445141065,0.8,0.774891774891775,0.6,19.849586486816406,0.8888888888888888,0.8275862068965517,0.8571428571428571,0.9473684210526316,0.5454545454545454,0.6923076923076923
28,MedViT2D,breastmnist,9.0,0.865203761755486,0.75,0.748917748917749,0.725,19.792240142822266,0.88,0.7586206896551724,0.8148148148148148,0.9230769230769232,0.7272727272727273,0.8135593220338984
29,MedViT2D,breastmnist,10.0,0.896551724137931,0.825,0.8268398268398268,0.775,20.00666570663452,0.8235294117647058,0.9655172413793104,0.8888888888888888,0.875,0.8484848484848485,0.8615384615384616
30,MedViT2D,breastmnist,11.0,0.8840125391849529,0.775,0.8225108225108225,0.725,19.849200010299683,0.8571428571428571,0.8275862068965517,0.8421052631578947,0.9230769230769232,0.7272727272727273,0.8135593220338984
31,MedViT2D,breastmnist,12.0,0.8119122257053292,0.725,0.7922077922077922,0.7,20.03308486938477,0.8461538461538461,0.7586206896551724,0.8,0.9565217391304348,0.6666666666666666,0.7857142857142857
32,MedViT2D,breastmnist,13.0,0.8056426332288401,0.55,0.7619047619047619,0.475,19.97189450263977,0.8235294117647058,0.4827586206896552,0.6086956521739131,0.9285714285714286,0.3939393939393939,0.5531914893617021
33,MedViT2D,breastmnist,14.0,0.8432601880877743,0.875,0.7965367965367965,0.775,19.922387838363647,0.8529411764705882,1.0,0.9206349206349206,0.875,0.8484848484848485,0.8615384615384616
34,MedViT2D,breastmnist,15.0,0.755485893416928,0.55,0.7012987012987013,0.525,20.010738849639893,0.8235294117647058,0.4827586206896552,0.6086956521739131,0.8888888888888888,0.4848484848484848,0.6274509803921569
35,MedViT2D,breastmnist,16.0,0.7304075235109718,0.35,0.7662337662337663,0.25,19.86093139648437,1.0,0.1034482758620689,0.1875,1.0,0.0909090909090909,0.1666666666666666
36,MedViT2D,breastmnist,17.0,0.8934169278996865,0.7,0.8138528138528139,0.65,19.722187995910645,0.9047619047619048,0.6551724137931034,0.76,0.9523809523809524,0.6060606060606061,0.7407407407407407
37,MedViT2D,breastmnist,18.0,0.9561128526645768,0.95,0.8398268398268398,0.75,20.05040955543518,0.935483870967742,1.0,0.9666666666666668,0.896551724137931,0.7878787878787878,0.8387096774193549
38,MedViT2D,breastmnist,19.0,0.9529780564263322,0.85,0.8484848484848485,0.75,20.02913975715637,0.8709677419354839,0.9310344827586208,0.9,0.925925925925926,0.7575757575757576,0.8333333333333334
39,MedViT2D,breastmnist,20.0,0.7836990595611285,0.525,0.7835497835497836,0.425,19.76073145866394,1.0,0.3448275862068966,0.5128205128205128,1.0,0.303030303030303,0.4651162790697674
40,MedViT2D,dermamnist,1.0,0.6689699475908338,0.23,0.5664185998631297,0.2577777777777778,45.11933755874634,0.1904788758314979,0.2261022388011372,0.1302351543173569,0.2292910538323382,0.2263102321220458,0.1506739566530622
41,MedViT2D,dermamnist,2.0,0.7430981740297211,0.6,0.7188036985503546,0.5688888888888889,44.78384780883789,0.2145291385412966,0.2296722102413656,0.2168917045764336,0.237777264534594,0.2398682100577457,0.2237780367317288
42,MedViT2D,dermamnist,3.0,0.7288600312869277,0.475,0.6652656369215073,0.5333333333333333,44.830735206604,0.2041543513957306,0.2401983641273726,0.2063138386667798,0.2643854657247514,0.3055901192593825,0.2688867799017989
43,MedViT2D,dermamnist,4.0,0.7612088547474337,0.58,0.731943100972984,0.6,44.77117395401001,0.1852548036758563,0.2062803973758686,0.1946876334115241,0.3883928571428571,0.2504688006589496,0.2640108366974456
44,MedViT2D,dermamnist,5.0,0.8066738947006052,0.625,0.8041247222407598,0.5866666666666667,44.85535550117493,0.2390167865707434,0.2225735527449113,0.2049116761919209,0.3452075767286192,0.3097655120442337,0.28718820861678
45,MedViT2D,dermamnist,6.0,0.7862498327134676,0.645,0.7406859267443003,0.6044444444444445,44.92429089546204,0.3518259935553169,0.2487371529599191,0.243129556805941,0.2840620119015348,0.2837821259890817,0.2741163713305995
46,MedViT2D,dermamnist,7.0,0.8273502560965343,0.66,0.8085585880463572,0.6133333333333333,44.80026698112488,0.3528737928737929,0.2589451665339058,0.2623801872435607,0.3327103255095142,0.3556685447901788,0.342711730595093
47,MedViT2D,dermamnist,8.0,0.8457143338179363,0.65,0.7968165058062829,0.5911111111111111,44.85973763465881,0.2812925170068027,0.2594519243846049,0.24778721897681,0.3065431435732187,0.2834973405420563,0.2539562286977877
48,MedViT2D,dermamnist,9.0,0.8461376389329768,0.65,0.8006165349652611,0.6088888888888889,44.48999786376953,0.386017316017316,0.2878149831944201,0.3051608685106876,0.3106998897119823,0.2852673916281841,0.2815563843637632
49,MedViT2D,dermamnist,10.0,0.8236298798680014,0.62,0.8286391515705527,0.5733333333333334,44.49219942092896,0.2534908700322234,0.2385420916632667,0.2330710910318325,0.2186130007558579,0.2855017919576589,0.2219843071583618
50,MedViT2D,dermamnist,11.0,0.8480320163307102,0.635,0.7941404588357915,0.5777777777777777,44.73318886756897,0.2892380952380952,0.3152746206601776,0.2909284119124825,0.2830678856798259,0.2833856170205308,0.2631156964630871
51,MedViT2D,dermamnist,12.0,0.8698948897930919,0.685,0.802839516031536,0.6,44.37847113609314,0.3180295566502463,0.2790584341991931,0.2763766028726989,0.2386532004036098,0.3174262405692203,0.2619293054707658
52,MedViT2D,dermamnist,13.0,0.8761187344714314,0.66,0.8170392869755628,0.6044444444444445,44.72186851501465,0.5102032659586616,0.2939260295441446,0.3201947306424918,0.2632970011018791,0.2810810455569089,0.2502773363529899
53,MedViT2D,dermamnist,14.0,0.8836047415645022,0.695,0.8108263151515196,0.64,44.788299798965454,0.4549659863945577,0.2807446588046343,0.2966410674975747,0.2995893817744009,0.3416899606557951,0.3046261171261171
54,MedViT2D,dermamnist,15.0,0.8901567921937293,0.69,0.8157345637958855,0.6444444444444445,44.452903509140015,0.4471308496855942,0.3175072694656538,0.3283830543541258,0.3930055243573939,0.3125629813969383,0.2998858284572571
55,MedViT2D,dermamnist,16.0,0.8755987163011456,0.695,0.8086521699317271,0.6444444444444445,44.404523611068726,0.3190517251492861,0.3453133803501001,0.3239414302532249,0.4450996313235804,0.3278844384469116,0.3416784895776492
56,MedViT2D,dermamnist,17.0,0.9257588574814436,0.75,0.8644499486627257,0.6888888888888889,44.6522798538208,0.5431969834836077,0.3544317835933502,0.4004681592916886,0.4486646510456034,0.3752420676299717,0.3847690001972935
57,MedViT2D,dermamnist,18.0,0.9224758092111032,0.735,0.8700319754207834,0.6533333333333333,44.71307945251465,0.5093222474174854,0.3331851916613238,0.3458839967390604,0.3742501546072974,0.3371268215315323,0.3233477821650215
58,MedViT2D,dermamnist,19.0,0.923230712366803,0.725,0.8828074394555634,0.6533333333333333,44.59331011772156,0.5427334570191713,0.3290145583597236,0.3486777146309252,0.3743315361292889,0.3383119671226154,0.3032288277629892
59,MedViT2D,dermamnist,20.0,0.9219281084914492,0.715,0.8708318026254724,0.6711111111111111,44.33439111709595,0.5076921765663487,0.306038027886253,0.3325898738942217,0.4541205707872374,0.3646108078267803,0.3531803802903547
60,MedViT2D,octmnist,1.0,0.4435509720246562,0.35,0.5675203930754917,0.375,44.964316606521606,0.1328125,0.3,0.1837524177949709,0.1696428571428571,0.3541666666666666,0.2241847826086956
61,MedViT2D,octmnist,2.0,0.8076965979137032,0.625,0.8299254884370016,0.55,43.62455463409424,0.425,0.4875,0.4089285714285714,0.3416666666666667,0.3194444444444444,0.3270676691729323
62,MedViT2D,octmnist,3.0,0.6746190730203888,0.425,0.6849384054359383,0.55,43.88517165184021,0.3571428571428571,0.275,0.1954545454545454,0.3828125,0.3142361111111111,0.289047619047619
63,MedViT2D,octmnist,4.0,0.7451756756756757,0.5,0.7594956555688465,0.475,43.84952044487,0.4591503267973856,0.3833333333333333,0.3355263157894737,0.3916666666666666,0.3993055555555556,0.3108127308894572
64,MedViT2D,octmnist,5.0,0.7773790896159317,0.75,0.7832259685672515,0.65,43.38748574256897,0.4050925925925925,0.4208333333333333,0.4058313632781717,0.3677884615384615,0.3871527777777778,0.3649193548387097
65,MedViT2D,octmnist,6.0,0.8099180891417732,0.675,0.8325992241493887,0.625,43.36279201507568,0.3585164835164834,0.4,0.3593974175035868,0.4208333333333333,0.4739583333333333,0.4351328903654485
66,MedViT2D,octmnist,7.0,0.9171177690848744,0.75,0.8004012161084529,0.7,43.60942053794861,0.3963585434173669,0.4333333333333333,0.4138719512195122,0.3661684782608695,0.4149305555555556,0.3834841628959275
67,MedViT2D,octmnist,8.0,0.9254198079658608,0.825,0.8884164423843699,0.725,43.68903183937073,0.4244505494505495,0.4666666666666667,0.4415292353823088,0.4704545454545454,0.5399305555555556,0.4943381180223286
68,MedViT2D,octmnist,9.0,0.8244621266002845,0.775,0.8002745381446039,0.675,43.52040338516235,0.4134615384615384,0.4375,0.420807453416149,0.4814814814814814,0.5138888888888888,0.4646179401993355
69,MedViT2D,octmnist,10.0,0.8988467283072546,0.8,0.8564281798245613,0.8,43.39507150650024,0.4144021739130434,0.4583333333333333,0.4351087771942986,0.5411931818181819,0.5833333333333334,0.5561145510835913
70,MedViT2D,octmnist,11.0,0.929570945945946,0.9,0.8501160868553961,0.675,43.51344156265259,0.7083333333333334,0.7333333333333334,0.7186520376175549,0.4253472222222222,0.5086805555555556,0.4448529411764705
71,MedViT2D,octmnist,12.0,0.9263736960644856,0.85,0.8444477671451356,0.675,43.34603977203369,0.5596590909090909,0.5958333333333333,0.5769969278033794,0.425,0.5104166666666666,0.4542483660130719
72,MedViT2D,octmnist,13.0,0.9828243243243242,0.825,0.7859910785486444,0.775,43.29426193237305,0.6598684210526315,0.5875,0.5997549019607843,0.3990641711229946,0.4548611111111111,0.4246212121212121
73,MedViT2D,octmnist,14.0,0.923776967757231,0.825,0.8312275717703349,0.825,43.40624761581421,0.5539855072463769,0.5833333333333334,0.5676356589147287,0.5472222222222223,0.5972222222222222,0.5694444444444444
74,MedViT2D,octmnist,15.0,0.9487511261261262,0.85,0.9138631379585328,0.825,43.50227761268616,0.4242424242424242,0.4875,0.4534632034632034,0.5472222222222223,0.5972222222222222,0.5694444444444444
75,MedViT2D,octmnist,16.0,0.975106981981982,0.85,0.8899739583333334,0.8,43.51156163215637,0.6726190476190477,0.6,0.6134515890613451,0.4105263157894737,0.4722222222222222,0.4390977443609022
76,MedViT2D,octmnist,17.0,0.9507094594594594,0.9,0.9286813446969696,0.85,43.3326256275177,0.6325757575757576,0.7375,0.6761904761904762,0.6751336898395722,0.609375,0.6189393939393939
77,MedViT2D,octmnist,18.0,0.9673941441441442,0.875,0.9057183678894204,0.725,43.69780516624451,0.6848739495798319,0.725,0.7038871951219512,0.4548611111111111,0.5381944444444444,0.4742647058823529
78,MedViT2D,octmnist,19.0,0.941808321479374,0.85,0.8547117972488039,0.775,43.2280490398407,0.4479166666666666,0.4875,0.4659090909090909,0.5130718954248366,0.5659722222222222,0.534453781512605
79,MedViT2D,octmnist,20.0,0.9644007823613088,0.85,0.9238094348086124,0.775,43.62087512016296,0.4408967391304348,0.4875,0.4628657164291073,0.4892156862745098,0.5659722222222222,0.5226475279106858
80,MedViT2D,organamnist,1.0,0.8212902032308168,0.2,0.8163253076696381,0.2,40.69478416442871,0.056060606060606,0.2207792207792207,0.0871310507674144,0.0478354978354978,0.2121212121212121,0.0768065268065268
81,MedViT2D,organamnist,2.0,0.9655419321328412,0.55,0.962769108279944,0.625,40.39367914199829,0.4832743014561196,0.5800865800865801,0.4828282828282828,0.6194805194805194,0.5287878787878788,0.5034632034632034
82,MedViT2D,organamnist,3.0,0.969257604016962,0.625,0.9743702681163982,0.75,40.5632963180542,0.5921717171717172,0.6043290043290044,0.5464777646595829,0.6303030303030303,0.6757575757575757,0.6122655122655122
83,MedViT2D,organamnist,4.0,0.8826406427518165,0.625,0.9010784950674656,0.675,40.029855251312256,0.5006493506493506,0.593073593073593,0.5005288828818241,0.598989898989899,0.6787878787878787,0.6002008983292405
84,MedViT2D,organamnist,5.0,0.9883167770868304,0.8,0.9797647704149252,0.775,40.21985578536987,0.8173160173160173,0.827922077922078,0.8106650924832745,0.7247474747474748,0.7363636363636363,0.6978270095917155
85,MedViT2D,organamnist,6.0,0.9855320543823218,0.775,0.984758497018559,0.75,40.27014422416687,0.8317099567099567,0.777056277056277,0.762937062937063,0.7062672176308541,0.6545454545454547,0.6491379965064176
86,MedViT2D,organamnist,7.0,0.9819093000911182,0.825,0.9840188801798708,0.85,40.19511389732361,0.8424242424242425,0.8603896103896104,0.8415750915750917,0.8459595959595959,0.8303030303030302,0.7906120023767081
87,MedViT2D,organamnist,8.0,0.9771209243134376,0.725,0.9871579607183322,0.825,40.13658332824707,0.7604617604617604,0.739177489177489,0.7033966033966034,0.7967171717171717,0.7393939393939394,0.7464561582208642
88,MedViT2D,organamnist,9.0,0.9895180747453476,0.875,0.9905209547934006,0.85,39.99407267570496,0.8906926406926406,0.8885281385281385,0.864002664002664,0.842929292929293,0.8378787878787879,0.8158186139469561
89,MedViT2D,organamnist,10.0,0.9779525338735866,0.775,0.9853349246857374,0.775,40.24715614318848,0.8030303030303031,0.7991341991341993,0.7642191142191141,0.7126623376623377,0.6893939393939393,0.673154118608664
90,MedViT2D,organamnist,11.0,0.9898909604791958,0.8,0.9782800266701196,0.8,40.49998736381531,0.8371212121212122,0.7969696969696969,0.7932900432900433,0.6807359307359306,0.712121212121212,0.6556473829201102
91,MedViT2D,organamnist,12.0,0.9847159603175644,0.875,0.9930415198836252,0.875,40.11794686317444,0.8930735930735931,0.877922077922078,0.8615768070313525,0.8202020202020202,0.8,0.7902446929184896
92,MedViT2D,organamnist,13.0,0.9792105156409968,0.775,0.9848848425396416,0.75,40.00479578971863,0.8257575757575757,0.8365800865800868,0.7987340941886397,0.7186868686868686,0.6712121212121211,0.6434455324829657
93,MedViT2D,organamnist,14.0,0.9940110565110564,0.925,0.9766234694098472,0.825,40.221280336380005,0.9409090909090908,0.9318181818181818,0.928099173553719,0.7640692640692641,0.7787878787878788,0.7503163503163502
94,MedViT2D,organamnist,15.0,0.994454681954682,0.875,0.9884948591140542,0.825,40.32310461997986,0.8885281385281385,0.8982683982683981,0.8774225774225773,0.8262626262626263,0.8151515151515152,0.769399881164587
95,MedViT2D,organamnist,16.0,0.9889093639093638,0.85,0.987958893531649,0.825,40.15588045120239,0.8575757575757575,0.88008658008658,0.8588351042896498,0.8156565656565656,0.8030303030303029,0.7591152163344677
96,MedViT2D,organamnist,17.0,0.9930023606494196,0.9,0.985887940748622,0.8,40.19408822059631,0.9136363636363636,0.8961038961038962,0.8881007881007882,0.743939393939394,0.7242424242424241,0.705050505050505
97,MedViT2D,organamnist,18.0,0.9979183729183728,0.9,0.9788516334027172,0.8,40.22234725952149,0.9128787878787878,0.9136363636363636,0.9034959989505444,0.7429292929292928,0.712121212121212,0.6833576405768919
98,MedViT2D,organamnist,19.0,0.9953375010193192,0.9,0.9904306220095694,0.95,40.03331446647644,0.9036796536796536,0.9112554112554112,0.8952380952380952,0.976911976911977,0.9090909090909092,0.9270533388180446
99,MedViT2D,organamnist,20.0,0.993635681135681,0.925,0.9952153110047848,0.925,40.17622637748718,0.9090909090909092,0.9166666666666664,0.9021645021645022,0.9292929292929292,0.890909090909091,0.878490790255496
100,MedViT2D,organcmnist,1.0,0.7978664896215512,0.1416666666666666,0.8081397111660269,0.15,46.299211740493774,0.1166666666666666,0.1672979797979797,0.0910726700200384,0.1868686868686868,0.1772727272727272,0.1177944862155388
101,MedViT2D,organcmnist,2.0,0.938793789833394,0.5666666666666667,0.9772088755757486,0.725,44.80558109283447,0.5263970002583316,0.5351268928140587,0.4842718085803627,0.6707988980716254,0.7272727272727273,0.6630888719124014
102,MedViT2D,organcmnist,3.0,0.9692121298712844,0.7583333333333333,0.9867847426051758,0.8,45.67409062385559,0.6891699209881028,0.7202698173286408,0.6898517391699209,0.7227272727272728,0.796969696969697,0.7349206349206349
103,MedViT2D,organcmnist,4.0,0.975658872387342,0.7916666666666666,0.9889497808692856,0.8,45.35361695289612,0.8152402401536207,0.7208219068513185,0.7285668398587059,0.8243801652892562,0.7727272727272727,0.7817788272333727
104,MedViT2D,organcmnist,5.0,0.9673036088343484,0.7166666666666667,0.9832145872703149,0.75,45.282304525375366,0.7815656565656565,0.71438516177821,0.6826688076063886,0.6424242424242425,0.7545454545454546,0.6782106782106783
105,MedViT2D,organcmnist,6.0,0.9818074207964964,0.8083333333333333,0.9863844884046123,0.8,45.36897158622742,0.759330316148498,0.7501888312717191,0.7441212452438375,0.7651515151515151,0.7712121212121213,0.7474025974025974
106,MedViT2D,organcmnist,7.0,0.9814136173283838,0.8083333333333333,0.9862094518828264,0.875,45.429494857788086,0.7705151595701836,0.7602108947697183,0.7555708030806845,0.8674931129476584,0.8181818181818182,0.8296471205562114
107,MedViT2D,organcmnist,8.0,0.9837644326699324,0.8416666666666667,0.9857492885511462,0.75,45.43732023239136,0.7392927878221996,0.7614428599722718,0.7447888512129999,0.706060606060606,0.7606060606060606,0.7059425423061787
108,MedViT2D,organcmnist,9.0,0.9909761819753524,0.8416666666666667,0.9936568694463432,0.9,45.34567880630493,0.7578183798772035,0.7782270116494715,0.7557372721858889,0.8303030303030304,0.8484848484848485,0.8218549127640036
109,MedViT2D,organcmnist,10.0,0.9905651911679756,0.8833333333333333,0.9922875370243792,0.775,45.62050175666809,0.8939212302848666,0.8558897801544861,0.8655445152857607,0.8037878787878788,0.8030303030303031,0.773737373737374
110,MedViT2D,organcmnist,11.0,0.992560809910716,0.8833333333333333,0.9928109824472052,0.825,45.69164180755615,0.7791666666666667,0.8056347791641909,0.7878604240027357,0.756060606060606,0.7984848484848485,0.7641055117131671
111,MedViT2D,organcmnist,12.0,0.9919823062788878,0.8583333333333333,0.9964114832535884,0.925,45.27601599693298,0.7579389193694006,0.7891339869281047,0.7700904461634831,0.8454545454545456,0.893939393939394,0.8604224058769513
112,MedViT2D,organcmnist,13.0,0.9863234159631692,0.85,0.9941097649456784,0.825,45.448570013046265,0.7497639565821383,0.7775599128540304,0.7580902175729761,0.7790209790209791,0.8,0.7679402722880984
113,MedViT2D,organcmnist,14.0,0.9908217870820448,0.8583333333333333,0.99491415705038,0.875,45.63838863372803,0.8440633440633442,0.7909437512378688,0.7988053439925097,0.9008264462809916,0.8757575757575757,0.8643578643578643
114,MedViT2D,organcmnist,15.0,0.992747626682824,0.9,0.9940425931138004,0.8,45.64016127586365,0.8880591630591631,0.8325757575757575,0.834475115010419,0.8528138528138528,0.8030303030303031,0.7774891774891777
115,MedViT2D,organcmnist,16.0,0.99438392309743,0.9,0.9940812146230104,0.85,45.3370795249939,0.902302243211334,0.8821078431372549,0.886961029286007,0.8838383838383838,0.8757575757575757,0.8523125996810207
116,MedViT2D,organcmnist,17.0,0.9949380930344756,0.8833333333333333,0.993968745392894,0.875,45.24305605888367,0.7882805325987143,0.8140498118439295,0.7942795370136205,0.8068870523415977,0.8606060606060606,0.8178932178932179
117,MedViT2D,organcmnist,18.0,0.9900317142550928,0.8333333333333334,0.9931462345703834,0.825,45.41658663749695,0.7304210940574577,0.7536962764903941,0.7340167684356191,0.7878787878787878,0.8333333333333333,0.7815789473684212
118,MedViT2D,organcmnist,19.0,0.9947705749750696,0.8833333333333333,0.9963904078377764,0.85,45.34845185279846,0.8752597747813059,0.8592072687660923,0.8576224868301772,0.893939393939394,0.8893939393939394,0.8704585966618051
119,MedViT2D,organcmnist,20.0,0.9915651957249914,0.8583333333333333,0.9975502928444104,0.825,45.3867027759552,0.772427542103199,0.8103485838779957,0.78673134055487,0.7840909090909091,0.8454545454545456,0.7871017871017872
120,MedViT2D,organsmnist,1.0,0.7118506242219084,0.15,0.7707432929801352,0.2,45.10380005836487,0.0477855477855477,0.1212121212121212,0.0647727272727272,0.1235431235431235,0.1818181818181818,0.0990224828934506
121,MedViT2D,organsmnist,2.0,0.800193586061187,0.425,0.9082556052292894,0.525,44.44223761558533,0.2406417112299465,0.2454545454545454,0.2264069264069263,0.357516339869281,0.3757575757575758,0.3388864009553665
122,MedViT2D,organsmnist,3.0,0.8037259643952385,0.525,0.9046145710619397,0.55,44.52058291435242,0.3691308691308691,0.3727272727272727,0.3088023088023088,0.3814685314685315,0.4772727272727272,0.4001298701298701
123,MedViT2D,organsmnist,4.0,0.9234890001468028,0.575,0.9110396088027668,0.525,44.61623668670654,0.4435064935064935,0.4250688705234159,0.4008658008658008,0.4356060606060606,0.4166666666666667,0.3655971479500891
124,MedViT2D,organsmnist,5.0,0.928646175457321,0.65,0.912335458519669,0.55,44.75071597099304,0.6303030303030303,0.5878787878787879,0.5797979797979799,0.4696969696969697,0.4151515151515151,0.4204906204906204
125,MedViT2D,organsmnist,6.0,0.9462736466304118,0.675,0.9280649483281064,0.6,44.7475061416626,0.6666666666666666,0.625068870523416,0.6125541125541125,0.498989898989899,0.5378787878787878,0.4574970484061393
126,MedViT2D,organsmnist,7.0,0.9317132654446436,0.725,0.9417551379393484,0.625,44.818406105041504,0.604978354978355,0.6606060606060606,0.5938228438228438,0.4765840220385675,0.4818181818181818,0.4622681666159927
127,MedViT2D,organsmnist,8.0,0.9150318417810676,0.775,0.9377123007386164,0.65,47.153717041015625,0.856060606060606,0.7515151515151515,0.7581686429512516,0.5101731601731602,0.5015151515151515,0.4893939393939394
128,MedViT2D,organsmnist,9.0,0.957189465208041,0.7,0.9535798873956768,0.6,45.21901822090149,0.75,0.6303030303030303,0.6648785996612084,0.3904040404040403,0.4287878787878788,0.3754846602672689
129,MedViT2D,organsmnist,10.0,0.9512838133890766,0.725,0.9222609230503966,0.65,44.565656423568726,0.6272727272727272,0.5878787878787878,0.5763504611330699,0.5606060606060606,0.5272727272727273,0.5026236389872754
130,MedViT2D,organsmnist,11.0,0.958303237498284,0.65,0.9543428382902068,0.625,44.6566801071167,0.553030303030303,0.5796143250688706,0.5476911976911976,0.4712121212121211,0.5924242424242423,0.5007870916961825
131,MedViT2D,organsmnist,12.0,0.9508393653594892,0.75,0.9519503280029596,0.7,44.814297914505005,0.6813131313131313,0.6856749311294766,0.6744588744588744,0.5084022038567493,0.5727272727272728,0.5127010670488931
132,MedViT2D,organsmnist,13.0,0.9593685262106312,0.675,0.9539798335850967,0.65,44.41989636421204,0.5692640692640693,0.603030303030303,0.5318570318570319,0.5643939393939393,0.553030303030303,0.4978521478521479
133,MedViT2D,organsmnist,14.0,0.9632223027579064,0.625,0.9508656966551702,0.725,44.852303981781006,0.618048618048618,0.5818181818181818,0.5463924963924964,0.6181818181818183,0.6333333333333333,0.5930735930735931
134,MedViT2D,organsmnist,15.0,0.9506257898989636,0.775,0.9400428009638536,0.7,44.43932056427002,0.7307359307359307,0.6484848484848484,0.6693075040901127,0.6638528138528138,0.5924242424242423,0.6124209124209123
135,MedViT2D,organsmnist,16.0,0.9786843923848108,0.8,0.9547683587157272,0.7,44.60356450080872,0.8439393939393939,0.7545454545454546,0.7543446891272978,0.5803030303030303,0.5666666666666667,0.5617604617604617
136,MedViT2D,organsmnist,17.0,0.9674431751831132,0.725,0.943727867675236,0.65,44.90395951271057,0.6257575757575757,0.6606060606060606,0.6045873757336208,0.6061327561327562,0.5848484848484848,0.5465367965367965
137,MedViT2D,organsmnist,18.0,0.97777478455497,0.8,0.9602011265169158,0.75,44.4788658618927,0.7727272727272727,0.7393939393939394,0.7388167388167388,0.5693473193473194,0.6106060606060605,0.5824793388429752
138,MedViT2D,organsmnist,19.0,0.9572374881972404,0.775,0.9332797205165628,0.675,44.75608587265015,0.7683982683982684,0.7393939393939394,0.6939393939393939,0.6401515151515151,0.6045454545454546,0.5936704709431981
139,MedViT2D,organsmnist,20.0,0.9833981442650174,0.875,0.9492636879478984,0.7,44.42111253738403,0.8528138528138527,0.8454545454545456,0.8325563325563327,0.5133805588351043,0.5727272727272728,0.5327310370788632
140,MedViT2D,pathmnist,1.0,0.7945904942456666,0.2,0.7673402698336951,0.25,43.848543643951416,0.1874236874236874,0.1737373737373737,0.1094082588335461,0.1888888888888888,0.1790123456790123,0.1313131313131313
141,MedViT2D,pathmnist,2.0,0.8941537180042928,0.425,0.8537348394517408,0.425,43.0521080493927,0.346031746031746,0.3617364117364117,0.2969203635870301,0.4465608465608465,0.5054673721340388,0.3571428571428571
142,MedViT2D,pathmnist,3.0,0.9004483652472158,0.525,0.906175558745884,0.525,43.13670802116394,0.3907407407407407,0.5094997594997595,0.4195249195249195,0.5041245791245791,0.5954144620811288,0.505800299917947
143,MedViT2D,pathmnist,4.0,0.8945695511787465,0.575,0.8801675408493213,0.525,43.395049810409546,0.5164021164021163,0.5473785473785474,0.5004810004810004,0.4092592592592592,0.5128747795414461,0.4328042328042327
144,MedViT2D,pathmnist,5.0,0.9099422159766988,0.475,0.919375658443204,0.475,43.045523166656494,0.4515873015873015,0.5941558441558441,0.4206870290203623,0.3878306878306878,0.562610229276896,0.4102360602360602
145,MedViT2D,pathmnist,6.0,0.9387471111609044,0.65,0.9253799477109176,0.45,43.05659246444702,0.6201058201058202,0.6307118807118807,0.6222222222222222,0.5432098765432098,0.6229276895943562,0.4516273849607183
146,MedViT2D,pathmnist,7.0,0.940554390267034,0.65,0.924240379692958,0.55,43.14627408981323,0.5592592592592592,0.5750360750360751,0.5319014319014319,0.5278659611992945,0.6834215167548501,0.521885521885522
147,MedViT2D,pathmnist,8.0,0.9250196642438022,0.575,0.9066483350817052,0.45,43.43513894081116,0.4345117845117844,0.5450937950937952,0.4680689680689681,0.4470899470899471,0.5846560846560847,0.4511090761090761
148,MedViT2D,pathmnist,9.0,0.9433302637325623,0.625,0.9379227442688276,0.625,43.34527969360352,0.6124338624338626,0.5737133237133237,0.5342869690695777,0.5910934744268077,0.6019400352733686,0.5436387686387687
149,MedViT2D,pathmnist,10.0,0.9456930829057264,0.65,0.922479872296777,0.525,43.683799028396606,0.5712962962962963,0.6307118807118807,0.5781119465329991,0.558641975308642,0.6289241622574955,0.5412427079093746
150,MedViT2D,pathmnist,11.0,0.9662491616514604,0.625,0.9309046010727156,0.55,43.03672432899475,0.5776353276353277,0.5649350649350651,0.5222222222222223,0.5648148148148148,0.5945326278659612,0.5486504723346829
151,MedViT2D,pathmnist,12.0,0.953522690591656,0.675,0.9302803661204406,0.625,43.02426862716675,0.7061728395061728,0.6500721500721501,0.6342592592592592,0.6457671957671958,0.6844797178130512,0.6020831020831021
152,MedViT2D,pathmnist,13.0,0.9566799473408668,0.75,0.9294339619976292,0.575,42.98483943939209,0.7131313131313131,0.698051948051948,0.6853535353535354,0.5415343915343915,0.6968253968253967,0.5660900827567494
153,MedViT2D,pathmnist,14.0,0.9561222089957722,0.7,0.9183202178115456,0.625,43.160706758499146,0.6047008547008548,0.6424963924963926,0.6079568579568579,0.6227513227513227,0.6871252204585537,0.6201159951159951
154,MedViT2D,pathmnist,15.0,0.9400171390113918,0.575,0.9271897874667608,0.6,42.90284466743469,0.7018518518518518,0.5773208273208273,0.5915343915343915,0.6185185185185185,0.7005291005291006,0.5696450970960776
155,MedViT2D,pathmnist,16.0,0.9685387250042424,0.7,0.9484222052786252,0.675,43.03204298019409,0.7465608465608465,0.716931216931217,0.6372358505691839,0.6759259259259259,0.756084656084656,0.6441619382795853
156,MedViT2D,pathmnist,17.0,0.952695532436912,0.75,0.937551866660026,0.6,43.418447971344,0.7377344877344877,0.6861471861471862,0.6754208754208755,0.6469135802469136,0.7065255731922399,0.6048941798941798
157,MedViT2D,pathmnist,18.0,0.9549011014528256,0.675,0.9498654357983896,0.625,43.23958921432495,0.6172839506172839,0.6323953823953824,0.5751526251526251,0.6415343915343915,0.7350970017636684,0.6264550264550264
158,MedViT2D,pathmnist,19.0,0.9629150117655864,0.7,0.949256252464748,0.675,43.165562868118286,0.5909391534391535,0.5238095238095238,0.5164128053016941,0.6164021164021163,0.7252204585537918,0.6346459096459096
159,MedViT2D,pathmnist,20.0,0.9468871911400648,0.625,0.898362740275254,0.475,43.16528058052063,0.6349206349206349,0.6183261183261184,0.6022417153996101,0.4748677248677249,0.5292768959435626,0.414997964997965
160,MedViT2D,pneumoniamnist,1.0,0.5930735930735931,0.825,0.5327380952380952,0.7,42.93057990074158,0.825,1.0,0.9041095890410958,0.7,1.0,0.8235294117647058
161,MedViT2D,pneumoniamnist,2.0,0.922077922077922,0.825,0.9404761904761904,0.85,42.612327337265015,0.9333333333333332,0.8484848484848485,0.8888888888888888,0.9583333333333334,0.8214285714285714,0.8846153846153846
162,MedViT2D,pneumoniamnist,3.0,0.8701298701298702,0.475,0.9315476190476192,0.475,42.71267819404602,1.0,0.3636363636363636,0.5333333333333333,1.0,0.25,0.4
163,MedViT2D,pneumoniamnist,4.0,0.9177489177489178,0.85,0.9285714285714284,0.85,42.78658628463745,0.9090909090909092,0.9090909090909092,0.9090909090909092,0.9230769230769232,0.8571428571428571,0.8888888888888888
164,MedViT2D,pneumoniamnist,5.0,0.9350649350649352,0.85,0.9851190476190476,0.85,42.4787232875824,0.9655172413793104,0.8484848484848485,0.9032258064516128,1.0,0.7857142857142857,0.88
165,MedViT2D,pneumoniamnist,6.0,0.9913419913419914,0.95,0.9672619047619048,0.85,42.84088611602783,0.9696969696969696,0.9696969696969696,0.9696969696969696,0.9583333333333334,0.8214285714285714,0.8846153846153846
166,MedViT2D,pneumoniamnist,7.0,0.9956709956709956,0.925,0.949404761904762,0.8,43.073949337005615,1.0,0.9090909090909092,0.9523809523809524,0.9545454545454546,0.75,0.84
167,MedViT2D,pneumoniamnist,8.0,0.9913419913419914,0.95,0.9851190476190476,0.9,43.15357303619385,0.9428571428571428,1.0,0.9705882352941176,0.9615384615384616,0.8928571428571429,0.925925925925926
168,MedViT2D,pneumoniamnist,9.0,0.9956709956709956,0.95,0.9940476190476192,0.95,42.61215400695801,1.0,0.9393939393939394,0.96875,1.0,0.9285714285714286,0.9629629629629628
169,MedViT2D,pneumoniamnist,10.0,1.0,0.925,0.9910714285714286,0.925,42.63439464569092,0.9166666666666666,1.0,0.9565217391304348,1.0,0.8928571428571429,0.9433962264150944
170,MedViT2D,pneumoniamnist,11.0,1.0,0.975,0.9761904761904762,0.875,42.49427652359009,1.0,0.9696969696969696,0.9846153846153848,0.96,0.8571428571428571,0.9056603773584906
171,MedViT2D,pneumoniamnist,12.0,0.9696969696969696,0.9,0.9821428571428572,0.875,42.720324993133545,1.0,0.8787878787878788,0.935483870967742,1.0,0.8214285714285714,0.9019607843137256
172,MedViT2D,pneumoniamnist,13.0,1.0,0.975,0.9851190476190476,0.875,42.710898876190186,1.0,0.9696969696969696,0.9846153846153848,1.0,0.8214285714285714,0.9019607843137256
173,MedViT2D,pneumoniamnist,14.0,1.0,0.975,0.9851190476190476,0.9,42.72781300544739,0.9705882352941176,1.0,0.9850746268656716,0.9615384615384616,0.8928571428571429,0.925925925925926
174,MedViT2D,pneumoniamnist,15.0,1.0,1.0,0.9910714285714284,0.925,42.52107787132263,1.0,1.0,1.0,1.0,0.8928571428571429,0.9433962264150944
175,MedViT2D,pneumoniamnist,16.0,1.0,1.0,1.0,0.925,42.43003034591675,1.0,1.0,1.0,1.0,0.8928571428571429,0.9433962264150944
176,MedViT2D,pneumoniamnist,17.0,1.0,1.0,0.988095238095238,0.925,42.9108293056488,1.0,1.0,1.0,0.9629629629629628,0.9285714285714286,0.9454545454545454
177,MedViT2D,pneumoniamnist,18.0,1.0,1.0,1.0,0.95,42.59592580795288,1.0,1.0,1.0,1.0,0.9285714285714286,0.9629629629629628
178,MedViT2D,pneumoniamnist,19.0,1.0,0.975,0.9732142857142856,0.925,42.96405053138733,0.9705882352941176,1.0,0.9850746268656716,0.9629629629629628,0.9285714285714286,0.9454545454545454
179,MedViT2D,pneumoniamnist,20.0,1.0,1.0,1.0,0.925,42.41070342063904,1.0,1.0,1.0,1.0,0.8928571428571429,0.9433962264150944
180,MedViT2D,tissuemnist,1.0,0.5945620775884328,0.3416666666666667,0.5861005359544114,0.3,42.63226079940796,0.0702380952380952,0.128784693019344,0.0821139476961394,0.0642857142857142,0.1458333333333333,0.0825098814229249
181,MedViT2D,tissuemnist,2.0,0.7469879596064944,0.325,0.7848968313373607,0.3,41.95753717422485,0.2273892195767195,0.2282708683767872,0.2045238067524889,0.237797619047619,0.2089015151515151,0.2078067765567765
182,MedViT2D,tissuemnist,3.0,0.5888287088210902,0.1416666666666666,0.5687138281020727,0.1,41.945680379867554,0.2332698946622997,0.1362121530698065,0.0904463348057041,0.13671875,0.1051136363636363,0.0416666666666666
183,MedViT2D,tissuemnist,4.0,0.8161051969677836,0.5,0.7071451404521625,0.375,42.38381552696228,0.3007721445221445,0.319502996215307,0.2927005789909015,0.1720238095238095,0.2397727272727273,0.1978476448050484
184,MedViT2D,tissuemnist,5.0,0.8069090153299676,0.4333333333333333,0.688423046464275,0.325,42.05669403076172,0.2931765997803733,0.2805390559293523,0.2552047633280288,0.1514520202020202,0.2274621212121212,0.1684981684981685
185,MedViT2D,tissuemnist,6.0,0.8268897082202731,0.3583333333333333,0.7139128214857837,0.275,42.20434522628784,0.2512660256410256,0.2521604289318755,0.1941052683699742,0.2596590909090909,0.2424242424242424,0.1956845238095238
186,MedViT2D,tissuemnist,7.0,0.7647485573927103,0.2916666666666667,0.6657099834581286,0.25,42.021626472473145,0.2076599326599326,0.2054207842724978,0.1816046746171059,0.1822916666666666,0.1893939393939394,0.1588383838383838
187,MedViT2D,tissuemnist,8.0,0.7705215564312665,0.3916666666666666,0.6731947234452039,0.3,42.483359813690186,0.1448728354978355,0.1868061396131202,0.14155198982243,0.0812324929971988,0.1837121212121212,0.1087962962962963
188,MedViT2D,tissuemnist,9.0,0.7978752203703553,0.5,0.6598233490471533,0.375,42.40361332893372,0.4338297667245035,0.3582557996916176,0.3591811724689876,0.263548951048951,0.2803030303030303,0.2479066985645933
189,MedViT2D,tissuemnist,10.0,0.8724565525928285,0.5166666666666667,0.7353784822566849,0.425,42.37235403060913,0.2724603174603174,0.3052657169890664,0.2696565017636181,0.2834821428571428,0.3418560606060606,0.2812878787878787
190,MedViT2D,tissuemnist,11.0,0.8352067197028007,0.4833333333333333,0.6855405292384849,0.4,42.31029319763184,0.350247893997894,0.3988124649565461,0.3610844748858447,0.2150735294117647,0.2534090909090909,0.2186507936507936
191,MedViT2D,tissuemnist,12.0,0.8390943956461427,0.4583333333333333,0.7029967518739604,0.375,42.211381912231445,0.2847883597883597,0.3433772878369178,0.2944295510084984,0.3768939393939394,0.3693181818181818,0.3357142857142857
192,MedViT2D,tissuemnist,13.0,0.7992343027646839,0.3833333333333333,0.6985521198477588,0.4,42.320507287979126,0.2941666666666667,0.3510269609315551,0.2922875313453578,0.3023504273504273,0.2649621212121212,0.2726449275362319
193,MedViT2D,tissuemnist,14.0,0.8543823397941109,0.4666666666666667,0.7180220631282871,0.425,42.209487199783325,0.3899926992073425,0.3396582387160078,0.3345191890638788,0.2286458333333333,0.3418560606060606,0.2663690476190475
194,MedViT2D,tissuemnist,15.0,0.8290022410167492,0.3833333333333333,0.7201522168149691,0.275,41.92735815048218,0.2549627198154991,0.2389021761984861,0.2176003344481605,0.2792467948717948,0.2632575757575758,0.233298088972431
195,MedViT2D,tissuemnist,16.0,0.8706469941779817,0.4666666666666667,0.8202525077207472,0.4,42.0400664806366,0.5021561771561771,0.4586062968080419,0.4476092455931165,0.2986111111111111,0.2589015151515151,0.2602214541730671
196,MedViT2D,tissuemnist,17.0,0.7754510518716022,0.2833333333333333,0.6780130730029311,0.15,42.55642819404602,0.3565705128205128,0.1758181394929713,0.1441088516746411,0.0214285714285714,0.125,0.0365853658536585
197,MedViT2D,tissuemnist,18.0,0.8834985945083353,0.5583333333333333,0.7395642626234064,0.45,42.26190447807312,0.4710575215912852,0.4260165104729865,0.4293316066973059,0.2268830128205128,0.3428030303030303,0.266540404040404
198,MedViT2D,tissuemnist,19.0,0.8740732697723494,0.5416666666666666,0.7429985529853083,0.425,42.458470821380615,0.4366302053802053,0.4403230630982418,0.3999011952959321,0.2270021645021644,0.3617424242424242,0.2661231884057971
199,MedViT2D,tissuemnist,20.0,0.8622238940939961,0.375,0.6967474570775388,0.3,42.26555562019348,0.3721861471861472,0.3496324817774039,0.2838216646771464,0.1620698380566801,0.2539772727272728,0.1553081232492997
200,MedViT3D,adrenalmnist3d,1.0,0.646435532872562,0.781986531986532,0.5092715650908171,0.7684563758389261,3.885326862335205,0.0,0.0,0.0,0.0,0.0,0.0
201,MedViT3D,adrenalmnist3d,2.0,0.8653843756104251,0.781986531986532,0.7284981963166888,0.7684563758389261,3.8318192958831783,0.0,0.0,0.0,0.0,0.0,0.0
202,MedViT3D,adrenalmnist3d,3.0,0.875288328463786,0.781986531986532,0.7459021580912601,0.7684563758389261,3.92937445640564,0.0,0.0,0.0,0.0,0.0,0.0
203,MedViT3D,adrenalmnist3d,4.0,0.8890034121465769,0.781986531986532,0.7765331308145055,0.7684563758389261,4.47944712638855,0.0,0.0,0.0,0.0,0.0,0.0
204,MedViT3D,adrenalmnist3d,5.0,0.9594740057603351,0.8392255892255892,0.8120372128346306,0.7785234899328859,3.998894453048706,1.0,0.2625482625482625,0.4159021406727828,0.7142857142857143,0.072463768115942,0.131578947368421
205,MedViT3D,adrenalmnist3d,6.0,0.9790159219653298,0.9478114478114478,0.8215302828934877,0.8154362416107382,3.912677526473999,0.8716981132075472,0.8918918918918919,0.8816793893129771,0.609375,0.5652173913043478,0.5864661654135338
206,MedViT3D,adrenalmnist3d,7.0,0.995208032882952,0.9436026936026936,0.7919119043098538,0.7348993288590604,3.8293511867523193,0.8,0.9884169884169884,0.8842832469775475,0.4431818181818182,0.5652173913043478,0.4968152866242038
207,MedViT3D,adrenalmnist3d,8.0,0.9739164044869104,0.7870370370370371,0.7652047338776027,0.7751677852348994,3.816546440124512,1.0,0.0231660231660231,0.0452830188679245,1.0,0.0289855072463768,0.056338028169014
208,MedViT3D,adrenalmnist3d,9.0,0.9914800237728116,0.9393939393939394,0.7631795455983799,0.7449664429530202,3.846122980117798,0.7876923076923077,0.9884169884169884,0.8767123287671232,0.4615384615384615,0.6086956521739131,0.525
209,MedViT3D,adrenalmnist3d,10.0,0.9964257660705454,0.9351851851851852,0.7246376811594203,0.7818791946308725,3.7728755474090576,0.9840425531914894,0.7142857142857143,0.8277404921700223,0.6666666666666666,0.1159420289855072,0.1975308641975308
210,MedViT3D,adrenalmnist3d,11.0,0.999887785678959,0.9949494949494948,0.7709638630466426,0.7986577181208053,3.75423526763916,0.9922178988326849,0.9845559845559846,0.9883720930232558,0.6097560975609756,0.3623188405797101,0.4545454545454545
211,MedViT3D,adrenalmnist3d,12.0,0.9993848992772566,0.98989898989899,0.7241313840896146,0.8120805369127517,3.79388165473938,1.0,0.9536679536679536,0.9762845849802372,0.76,0.2753623188405797,0.4042553191489361
212,MedViT3D,adrenalmnist3d,13.0,0.9997714152719536,0.9722222222222222,0.7355230681602429,0.7953020134228188,3.717571020126343,1.0,0.8725868725868726,0.931958762886598,0.75,0.1739130434782608,0.2823529411764706
213,MedViT3D,adrenalmnist3d,14.0,1.0,0.9966329966329966,0.7594456047085628,0.8053691275167785,3.710126399993897,0.9847908745247148,1.0,0.992337164750958,0.582089552238806,0.5652173913043478,0.5735294117647058
214,MedViT3D,adrenalmnist3d,15.0,1.0,0.9974747474747476,0.7314726916017973,0.7785234899328859,3.74306321144104,0.9885496183206108,1.0,0.9942418426103646,0.5223880597014925,0.5072463768115942,0.5147058823529411
215,MedViT3D,adrenalmnist3d,16.0,0.9995927035754808,0.7129629629629629,0.7688121004999683,0.5536912751677853,3.7298238277435294,0.4316666666666666,1.0,0.6030267753201397,0.3241758241758242,0.855072463768116,0.4701195219123506
216,MedViT3D,adrenalmnist3d,17.0,0.9995843914035516,0.9949494949494948,0.7641288526042656,0.7885906040268457,3.699364185333252,1.0,0.9768339768339768,0.98828125,0.5833333333333334,0.3043478260869565,0.4
217,MedViT3D,adrenalmnist3d,18.0,1.0,0.9974747474747476,0.7796342003670654,0.7919463087248322,3.712583303451538,0.9885496183206108,1.0,0.9942418426103646,0.5636363636363636,0.4492753623188406,0.5
218,MedViT3D,adrenalmnist3d,19.0,1.0,0.9991582491582492,0.7617239415226883,0.8154362416107382,3.730621337890625,0.9961538461538462,1.0,0.9980732177263968,0.6666666666666666,0.4057971014492754,0.5045045045045045
219,MedViT3D,adrenalmnist3d,20.0,0.9996134840053033,0.5294612794612794,0.7855199038035569,0.4630872483221476,3.7139992713928223,0.3166259168704156,1.0,0.4809656453110492,0.2922374429223744,0.927536231884058,0.4444444444444444
220,MedViT3D,fracturemnist3d,1.0,0.6347480135495911,0.5267770204479065,0.6189369339243472,0.4875,3.3887293338775635,0.3429566552854224,0.4100688713597815,0.3705696388487349,0.3306715063520871,0.4079059829059828,0.3580883139099755
221,MedViT3D,fracturemnist3d,2.0,0.6990423646168161,0.549172346640701,0.6098637912125561,0.5,3.324838161468506,0.3617157229630308,0.4335638858682151,0.3943454040476457,0.3329855072463768,0.4125356125356125,0.3684311428267121
222,MedViT3D,fracturemnist3d,3.0,0.7652601938471787,0.6095423563777994,0.6155402765787056,0.4833333333333333,3.3745970726013184,0.398908771550281,0.479078231461497,0.435234295799592,0.3224043715846994,0.4002136752136752,0.356422460196045
223,MedViT3D,fracturemnist3d,4.0,0.854635353005546,0.7312560856864654,0.6152486819784325,0.5083333333333333,3.373704195022583,0.4887555349876972,0.5814100688713598,0.5292024852281391,0.3395061728395062,0.4189458689458689,0.3749928665182902
224,MedViT3D,fracturemnist3d,5.0,0.892486629222935,0.8111002921129503,0.5877717351804767,0.4583333333333333,3.442319631576538,0.5452695236067601,0.647808462915634,0.5886395152073303,0.3044289044289044,0.3764957264957265,0.3366381766381766
225,MedViT3D,fracturemnist3d,6.0,0.7864823053828878,0.6192794547224927,0.5636181029002809,0.4541666666666666,3.527639627456665,0.4680968096809681,0.5081502989086935,0.453401813514126,0.3080597533437554,0.3583333333333333,0.2920070806100218
226,MedViT3D,fracturemnist3d,7.0,0.8254481952970835,0.4907497565725414,0.5769497956926349,0.4291666666666666,3.372908592224121,0.4742457689477557,0.4186046511627907,0.3338888410002969,0.1442577030812325,0.3301282051282051,0.2007797270955165
227,MedViT3D,fracturemnist3d,8.0,0.9017263503981324,0.810126582278481,0.5705638185708684,0.4583333333333333,3.3471438884735107,0.5455562659846548,0.6476005424332585,0.5882670662700723,0.3052923997435715,0.3754985754985755,0.3361414546211909
228,MedViT3D,fracturemnist3d,9.0,0.8928116436673257,0.7906523855890945,0.6251014553599256,0.4958333333333333,3.312915325164795,0.5340264962609363,0.6323469070448243,0.5745203824755613,0.3343573988735279,0.4058404558404558,0.364429349995283
229,MedViT3D,fracturemnist3d,10.0,0.8317954692705994,0.5793573515092503,0.544097143777053,0.4291666666666666,3.3530259132385254,0.4899795501022495,0.4827343199436222,0.4194590335067773,0.2768115942028986,0.332122507122507,0.2242714570858283
230,MedViT3D,fracturemnist3d,11.0,0.895016709397301,0.815968841285297,0.5951520730326122,0.4291666666666666,3.2901382446289062,0.5431788297172913,0.6510008703220191,0.5909644666221604,0.290274189515793,0.3655270655270655,0.3046589446589446
231,MedViT3D,fracturemnist3d,12.0,0.9264046466086108,0.8354430379746836,0.5829370282569872,0.4666666666666667,3.255225419998169,0.8948933782267116,0.6716442978638938,0.6169080501280598,0.3113839285714285,0.3853988603988603,0.3444577216342324
232,MedViT3D,fracturemnist3d,13.0,0.8963088725733406,0.8149951314508277,0.5895870560343957,0.4333333333333333,3.295852899551392,0.873249299719888,0.6578491187245753,0.613466432813153,0.2922720912711226,0.3682336182336183,0.3103791538574147
233,MedViT3D,fracturemnist3d,14.0,0.8695955717443536,0.6007789678675755,0.6036439535522721,0.4083333333333333,3.2672340869903564,0.6271210182160843,0.4629756869690908,0.4199714774781983,0.3538011695906433,0.358974358974359,0.2346562567772717
234,MedViT3D,fracturemnist3d,15.0,0.880479745565923,0.7731256085686465,0.6009281906886351,0.4208333333333333,3.225618600845337,0.673572500530408,0.6267336458349239,0.6011380876359903,0.544435790931118,0.3863031091291961,0.3082411934511446
235,MedViT3D,fracturemnist3d,16.0,0.8887420808248465,0.75365141187926,0.6131877103039777,0.4,3.227702379226685,0.6787637025643023,0.640618081321668,0.6419900805198652,0.423244972658708,0.3799083364300755,0.3028015068412811
236,MedViT3D,fracturemnist3d,17.0,0.9679577068672488,0.8393378773125608,0.5378008967425577,0.4125,3.27385687828064,0.8350344217413262,0.7144558601106948,0.7082021085416551,0.4008121630072849,0.3641490152359717,0.3524580794542278
237,MedViT3D,fracturemnist3d,18.0,0.91314644661861,0.7468354430379747,0.5929970233715586,0.3958333333333333,3.250495195388794,0.6989333417904846,0.6517897587019478,0.6574485027859577,0.3422715364462936,0.3827387588257154,0.2833929820231189
238,MedViT3D,fracturemnist3d,19.0,0.9770208479158398,0.9162609542356378,0.6065471731682478,0.4166666666666667,3.2232906818389893,0.901345029239766,0.8765974989693555,0.8869744356040249,0.425130278526505,0.4276570048309179,0.3695694771791223
239,MedViT3D,fracturemnist3d,20.0,0.9964947020775418,0.9785783836416748,0.5899185028432563,0.425,3.2109293937683105,0.9735151683584116,0.9660781762721292,0.9696450107570148,0.4167429193899782,0.4311810974854453,0.4144471026049973
240,MedViT3D,nodulemnist3d,1.0,0.7695740126087554,0.7452504317789291,0.7508257113821138,0.7935483870967742,4.403445720672607,0.0,0.0,0.0,0.0,0.0,0.0
241,MedViT3D,nodulemnist3d,2.0,0.8072195926704246,0.772020725388601,0.7963033536585366,0.8161290322580645,3.4233553409576416,0.8780487804878049,0.1220338983050847,0.2142857142857142,1.0,0.109375,0.1971830985915492
242,MedViT3D,nodulemnist3d,3.0,0.8289647858279161,0.812607944732297,0.805640243902439,0.8354838709677419,3.3969764709472656,0.825,0.335593220338983,0.4771084337349398,0.8421052631578947,0.25,0.3855421686746988
243,MedViT3D,nodulemnist3d,4.0,0.8211992065518392,0.8255613126079447,0.7983993902439025,0.8354838709677419,3.407142162322998,0.746031746031746,0.4779661016949152,0.5826446280991735,0.696969696969697,0.359375,0.4742268041237113
244,MedViT3D,nodulemnist3d,5.0,0.8639589920851584,0.8298791018998273,0.8476880081300814,0.8419354838709677,3.518949270248413,0.85,0.4033898305084746,0.5471264367816092,0.8947368421052632,0.265625,0.4096385542168674
245,MedViT3D,nodulemnist3d,6.0,0.8613076182807312,0.844559585492228,0.8185975609756099,0.8354838709677419,3.43198561668396,0.7979274611398963,0.5220338983050847,0.6311475409836066,0.6666666666666666,0.40625,0.5048543689320388
246,MedViT3D,nodulemnist3d,7.0,0.8923227998507375,0.8411053540587219,0.8610899390243902,0.8387096774193549,3.4927914142608643,0.8675496688741722,0.4440677966101695,0.5874439461883408,0.7916666666666666,0.296875,0.4318181818181818
247,MedViT3D,nodulemnist3d,8.0,0.8452776086572263,0.8195164075993091,0.8046875000000001,0.7903225806451613,3.5556626319885254,0.6310975609756098,0.7016949152542373,0.6645264847512039,0.4935064935064935,0.59375,0.5390070921985816
248,MedViT3D,nodulemnist3d,9.0,0.911483394544062,0.8376511226252159,0.8751270325203252,0.8419354838709677,3.560001850128174,0.9147286821705426,0.4,0.5566037735849056,0.8947368421052632,0.265625,0.4096385542168674
249,MedViT3D,nodulemnist3d,10.0,0.9408252646463852,0.8514680483592401,0.8676321138211383,0.8483870967741935,3.560231685638428,0.948905109489051,0.4406779661016949,0.6018518518518519,0.9047619047619048,0.296875,0.4470588235294118
250,MedViT3D,nodulemnist3d,11.0,0.9616434589626254,0.911917098445596,0.8624237804878049,0.8419354838709677,3.589606285095215,0.9447004608294932,0.6949152542372882,0.80078125,0.7142857142857143,0.390625,0.5050505050505051
251,MedViT3D,nodulemnist3d,12.0,0.9649154506353478,0.8644214162348878,0.8451473577235772,0.7516129032258064,3.63977313041687,0.6658653846153846,0.9389830508474576,0.7791842475386779,0.4424778761061947,0.78125,0.5649717514124294
252,MedViT3D,nodulemnist3d,13.0,0.9763418897421294,0.9438687392055268,0.8363185975609757,0.8387096774193549,3.62102484703064,0.9323308270676692,0.8406779661016949,0.8841354723707665,0.6458333333333334,0.484375,0.5535714285714286
253,MedViT3D,nodulemnist3d,14.0,0.9863856865094172,0.952504317789292,0.8210746951219512,0.8387096774193549,3.652552843093872,0.9316546762589928,0.8779661016949153,0.9040139616055848,0.6206896551724138,0.5625,0.5901639344262295
254,MedViT3D,nodulemnist3d,15.0,0.9842567315434924,0.9412780656303972,0.796557418699187,0.8290322580645161,3.7218055725097656,0.9315589353612168,0.8305084745762712,0.8781362007168458,0.6486486486486487,0.375,0.4752475247524752
255,MedViT3D,nodulemnist3d,16.0,0.9877290492369936,0.8877374784110535,0.839430894308943,0.7096774193548387,3.6748476028442383,0.697841726618705,0.9864406779661016,0.8174157303370787,0.4044117647058823,0.859375,0.55
256,MedViT3D,nodulemnist3d,17.0,0.9956006834652472,0.966321243523316,0.8431783536585367,0.8161290322580645,3.705676317214966,0.8950617283950617,0.9830508474576272,0.936995153473344,0.5421686746987951,0.703125,0.6122448979591837
257,MedViT3D,nodulemnist3d,18.0,0.993660270636526,0.9585492227979274,0.8554369918699187,0.7838709677419354,3.757783889770508,0.88,0.9694915254237289,0.9225806451612903,0.4838709677419355,0.703125,0.5732484076433121
258,MedViT3D,nodulemnist3d,19.0,0.9985584382426302,0.9766839378238342,0.7918572154471545,0.8483870967741935,3.7438302040100098,0.9962962962962963,0.911864406779661,0.952212389380531,0.9047619047619048,0.296875,0.4470588235294118
259,MedViT3D,nodulemnist3d,20.0,0.9994461574719642,0.9810017271157168,0.8025279471544715,0.8161290322580645,3.743408918380737,0.9389067524115756,0.9898305084745764,0.9636963696369636,0.5555555555555556,0.546875,0.5511811023622047
260,MedViT3D,organmnist3d,1.0,0.8510693641604284,0.3079299691040165,0.827222966499249,0.2721311475409836,3.5682449340820312,0.1714400879632178,0.261743362423736,0.1910248552670326,0.1488748400746199,0.2257861374462165,0.1607826972710171
261,MedViT3D,organmnist3d,2.0,0.9230842430471612,0.4963954685890834,0.902127174201184,0.4524590163934426,3.45051908493042,0.4677044676669098,0.4382445948707774,0.3987150754122497,0.4814593070685564,0.3993400422719185,0.362853984940822
262,MedViT3D,organmnist3d,3.0,0.9428587283537712,0.5324407826982492,0.9235293908936352,0.480327868852459,3.480620622634888,0.4554742912393829,0.5077040443367918,0.4347532409541296,0.3911625103410757,0.4535511764063264,0.3757674929424557
263,MedViT3D,organmnist3d,4.0,0.9551633562295982,0.6519052523171988,0.9388809213494465,0.5672131147540984,3.5592145919799805,0.6128427418979606,0.6362545017673185,0.5995410604710583,0.5035652209023325,0.5498352418719775,0.496207582184365
264,MedViT3D,organmnist3d,5.0,0.9645727455276252,0.6838311019567456,0.9491983007921864,0.601639344262295,3.527838945388794,0.6458485193167778,0.6807773150526276,0.6443385735144928,0.5541659070433747,0.6079987709724981,0.5494583010398553
265,MedViT3D,organmnist3d,6.0,0.9699930884760282,0.6735324407826982,0.95487270054897,0.6213114754098361,3.516270399093628,0.7561112476321514,0.6732506902048246,0.6511902072904697,0.5700384690888736,0.600295476824191,0.5640038985787236
266,MedViT3D,organmnist3d,7.0,0.9788550268301732,0.7816683831101957,0.965086364217534,0.6786885245901639,3.510242223739624,0.8120534077429853,0.7733844592338819,0.7659494611417256,0.6944662944827873,0.6647306309129141,0.6316409333258264
267,MedViT3D,organmnist3d,8.0,0.9850839868083238,0.8444902162718847,0.9726762844323747,0.7655737704918033,3.4971764087677,0.8760751921190738,0.8650117309803682,0.8655637804341473,0.7890064672397294,0.7657112359855908,0.7640691176486871
268,MedViT3D,organmnist3d,9.0,0.9854521910272694,0.8166838311019567,0.9725965410077164,0.7540983606557377,3.444239854812622,0.8538044168261135,0.8187336190909644,0.8272976515050043,0.7966017538057074,0.7447346074060792,0.7408003699121669
269,MedViT3D,organmnist3d,10.0,0.9918514592661736,0.8918640576725025,0.9812026013989474,0.8065573770491803,3.424235820770264,0.9133240443633248,0.907444209227952,0.9091069633028342,0.8423589247905625,0.8161991809631893,0.8171110732031408
270,MedViT3D,organmnist3d,11.0,0.9946404487315889,0.9145211122554068,0.985293445602453,0.8229508196721311,3.4749650955200195,0.91927595491005,0.9054484373513948,0.9073738088401576,0.8463983784744731,0.8097860714810262,0.813536489823251
271,MedViT3D,organmnist3d,12.0,0.9920414824835354,0.870236869207003,0.9823681451289644,0.7983606557377049,3.390166997909546,0.8963307891590003,0.8837698513476616,0.8826224199157139,0.8376466157793835,0.8031064494677608,0.802942010306749
272,MedViT3D,organmnist3d,13.0,0.9964021689962932,0.9320288362512872,0.987477687234171,0.8377049180327869,3.373096466064453,0.937026204238856,0.9359404759743456,0.9352177077550696,0.8563192863381359,0.8386489818017371,0.8338525744912834
273,MedViT3D,organmnist3d,14.0,0.996582686422542,0.913491246138002,0.9863921865536778,0.8344262295081967,3.398326873779297,0.9270642225657472,0.9168817848221624,0.9177859505078216,0.8620815297498136,0.8408955146225549,0.8422807291574718
274,MedViT3D,organmnist3d,15.0,0.9976035785322046,0.933058702368692,0.9896559453301456,0.8262295081967214,3.398136615753174,0.9490557346349447,0.9416848653718636,0.9422324072946328,0.8623526983552045,0.8337061295675572,0.8276605635985248
275,MedViT3D,organmnist3d,16.0,0.9960105290288762,0.9073120494335736,0.9849756916888588,0.7868852459016393,3.360976219177246,0.9364201291765044,0.9210555021952772,0.9234466423879468,0.8506517242254187,0.7962362910281999,0.7989947693131154
276,MedViT3D,organmnist3d,17.0,0.9993446020610468,0.9732234809474768,0.9932855311330192,0.8901639344262295,3.35752534866333,0.976159006564571,0.9760611398290072,0.9760187334403494,0.9076315814011394,0.8999087365397526,0.900950330729414
277,MedViT3D,organmnist3d,18.0,0.9996732214625048,0.9794026776519053,0.9933282646344694,0.8901639344262295,3.413443088531494,0.983181198270502,0.98185837716738,0.9823035693354896,0.9118286761072714,0.9005494699054335,0.905128817028043
278,MedViT3D,organmnist3d,19.0,0.9997978746653596,0.9814624098867148,0.9924758586365404,0.8901639344262295,3.355170965194702,0.9854178213175664,0.984428473757351,0.9847511140826068,0.9089883777080487,0.901880348590416,0.9030744130810622
279,MedViT3D,organmnist3d,20.0,0.9999025123835557,0.9773429454170958,0.9916877096799712,0.9016393442622952,3.361240863800049,0.981633407254062,0.980198451345239,0.9801894448621282,0.9235719682459208,0.9109390377118812,0.9137759176359638
280,MedViT3D,synapsemnist3d,1.0,0.6832616972870157,0.7308943089430894,0.5178783534712267,0.7301136363636364,4.127417087554932,0.7308943089430894,1.0,0.8445279473931423,0.7301136363636364,1.0,0.8440065681444991
281,MedViT3D,synapsemnist3d,2.0,0.7558885502186048,0.7308943089430894,0.5265615400368625,0.7301136363636364,4.011067390441895,0.7308943089430894,1.0,0.8445279473931423,0.7301136363636364,1.0,0.8440065681444991
282,MedViT3D,synapsemnist3d,3.0,0.8113210717514256,0.7308943089430894,0.5339750153594102,0.7301136363636364,4.055443048477173,0.7308943089430894,1.0,0.8445279473931423,0.7301136363636364,1.0,0.8440065681444991
283,MedViT3D,synapsemnist3d,4.0,0.8929323955116293,0.7308943089430894,0.5326643456891256,0.7301136363636364,4.106406211853027,0.7308943089430894,1.0,0.8445279473931423,0.7301136363636364,1.0,0.8440065681444991
284,MedViT3D,synapsemnist3d,5.0,0.9791544146063602,0.7439024390243902,0.5540856031128405,0.7329545454545454,4.116515874862671,0.7405271828665568,1.0,0.8509228584950308,0.7321937321937322,1.0,0.8453947368421053
285,MedViT3D,synapsemnist3d,6.0,0.9999327886977474,0.9195121951219511,0.5866065943067786,0.71875,4.086768865585327,0.9008016032064128,1.0,0.9478123352662098,0.7283236994219653,0.980544747081712,0.835820895522388
286,MedViT3D,synapsemnist3d,7.0,1.0,1.0,0.6081097685848863,0.71875,4.104440927505493,1.0,1.0,1.0,0.7309941520467836,0.9727626459143968,0.8347245409015025
287,MedViT3D,synapsemnist3d,8.0,1.0,1.0,0.5961908662707353,0.7159090909090909,4.05594539642334,1.0,1.0,1.0,0.7386018237082067,0.9455252918287936,0.8293515358361775
288,MedViT3D,synapsemnist3d,9.0,1.0,1.0,0.6041777595740324,0.7215909090909091,4.00792932510376,1.0,1.0,1.0,0.7373134328358208,0.9610894941634242,0.8344594594594594
289,MedViT3D,synapsemnist3d,10.0,1.0,1.0,0.6064714314970305,0.7215909090909091,4.029935598373413,1.0,1.0,1.0,0.7331378299120235,0.9727626459143968,0.8361204013377926
290,MedViT3D,synapsemnist3d,11.0,1.0,1.0,0.6038091337292647,0.7130681818181818,3.974531173706055,1.0,1.0,1.0,0.7307692307692307,0.9610894941634242,0.8302521008403362
291,MedViT3D,synapsemnist3d,12.0,1.0,1.0,0.5968462011058775,0.71875,3.948198556900024,1.0,1.0,1.0,0.7365269461077845,0.9571984435797666,0.8324873096446701
292,MedViT3D,synapsemnist3d,13.0,1.0,1.0,0.5992627483104649,0.7215909090909091,3.994737148284912,1.0,1.0,1.0,0.7373134328358208,0.9610894941634242,0.8344594594594594
293,MedViT3D,synapsemnist3d,14.0,1.0,1.0,0.5999180831456072,0.7130681818181818,3.9334754943847656,1.0,1.0,1.0,0.7307692307692307,0.9610894941634242,0.8302521008403362
294,MedViT3D,synapsemnist3d,15.0,1.0,1.0,0.594921155027647,0.7215909090909091,3.912562608718872,1.0,1.0,1.0,0.7373134328358208,0.9610894941634242,0.8344594594594594
295,MedViT3D,synapsemnist3d,16.0,1.0,1.0,0.5991398730288757,0.7159090909090909,3.9753358364105225,1.0,1.0,1.0,0.7315634218289085,0.9649805447470816,0.8322147651006712
296,MedViT3D,synapsemnist3d,17.0,1.0,1.0,0.6001638337087856,0.7159090909090909,3.908430337905884,1.0,1.0,1.0,0.7315634218289085,0.9649805447470816,0.8322147651006712
297,MedViT3D,synapsemnist3d,18.0,1.0,1.0,0.5981159123489659,0.7215909090909091,3.909582376480103,1.0,1.0,1.0,0.7387387387387387,0.9571984435797666,0.8338983050847457
298,MedViT3D,synapsemnist3d,19.0,1.0,1.0,0.6006553348351422,0.71875,3.980566263198853,1.0,1.0,1.0,0.7337278106508875,0.9649805447470816,0.8336134453781513
299,MedViT3D,synapsemnist3d,20.0,1.0,1.0,0.5998361662912145,0.7244318181818182,3.924741983413696,1.0,1.0,1.0,0.7325581395348837,0.980544747081712,0.8386023294509152
300,MedViT3D,vesselmnist3d,1.0,0.7679437412095641,0.8876404494382022,0.7085134115387254,0.887434554973822,4.391221046447754,0.0,0.0,0.0,0.0,0.0,0.0
301,MedViT3D,vesselmnist3d,2.0,0.8527144866385373,0.8876404494382022,0.7431570281951019,0.887434554973822,4.395395994186401,0.0,0.0,0.0,0.0,0.0,0.0
302,MedViT3D,vesselmnist3d,3.0,0.974436005625879,0.8876404494382022,0.7799272827056322,0.887434554973822,4.373734951019287,0.0,0.0,0.0,0.0,0.0,0.0
303,MedViT3D,vesselmnist3d,4.0,0.9875330520393812,0.9670411985018726,0.8104548260959045,0.8664921465968587,4.415808200836182,0.8897058823529411,0.8066666666666666,0.8461538461538461,0.3461538461538461,0.2093023255813953,0.2608695652173913
304,MedViT3D,vesselmnist3d,5.0,0.98442194092827,0.949063670411985,0.7052891541469438,0.8821989528795812,4.457862854003906,1.0,0.5466666666666666,0.7068965517241379,0.25,0.0232558139534883,0.0425531914893617
305,MedViT3D,vesselmnist3d,6.0,0.9906835443037976,0.9797752808988764,0.8374151059888867,0.900523560209424,4.387532711029053,0.962406015037594,0.8533333333333334,0.9045936395759716,0.6666666666666666,0.2325581395348837,0.3448275862068966
306,MedViT3D,vesselmnist3d,7.0,0.9937102672292546,0.9632958801498128,0.7768402277560541,0.887434554973822,4.379120826721191,0.9902912621359224,0.68,0.8063241106719368,0.5,0.0232558139534883,0.0444444444444444
307,MedViT3D,vesselmnist3d,8.0,0.999915611814346,0.998501872659176,0.8550456198120326,0.9136125654450262,4.335083484649658,0.9933333333333332,0.9933333333333332,0.9933333333333332,0.6923076923076923,0.4186046511627907,0.5217391304347826
308,MedViT3D,vesselmnist3d,9.0,0.9999774964838256,0.99625468164794,0.8721959250874666,0.9136125654450262,4.293439626693726,0.967741935483871,1.0,0.9836065573770492,0.6666666666666666,0.4651162790697674,0.547945205479452
309,MedViT3D,vesselmnist3d,10.0,0.9999324894514768,0.997752808988764,0.8337792412704946,0.9031413612565444,4.322019577026367,0.9932885906040269,0.9866666666666668,0.9899665551839464,0.6666666666666666,0.2790697674418604,0.3934426229508196
310,MedViT3D,vesselmnist3d,11.0,1.0,0.999250936329588,0.8370034986622762,0.9057591623036648,4.232507944107056,0.9933774834437086,1.0,0.9966777408637874,0.6,0.4883720930232558,0.5384615384615384
311,MedViT3D,vesselmnist3d,12.0,1.0,1.0,0.848459902586266,0.9162303664921466,4.220275163650513,1.0,1.0,1.0,0.8666666666666667,0.3023255813953488,0.4482758620689655
312,MedViT3D,vesselmnist3d,13.0,1.0,0.998501872659176,0.8675996432736502,0.8952879581151832,4.256686210632324,1.0,0.9866666666666668,0.9932885906040269,0.7142857142857143,0.1162790697674418,0.2
313,MedViT3D,vesselmnist3d,14.0,0.9974852320675104,0.9895131086142324,0.834190848597105,0.9031413612565444,4.195540904998779,1.0,0.9066666666666666,0.951048951048951,0.875,0.1627906976744186,0.2745098039215686
314,MedViT3D,vesselmnist3d,15.0,0.9994880450070324,0.8779026217228464,0.8431090073403307,0.7382198952879581,4.196678638458252,0.4792332268370607,1.0,0.6479481641468683,0.2682926829268293,0.7674418604651163,0.3975903614457831
315,MedViT3D,vesselmnist3d,16.0,1.0,1.0,0.87075529944433,0.9031413612565444,4.231244325637817,1.0,1.0,1.0,0.6875,0.2558139534883721,0.3728813559322034
316,MedViT3D,vesselmnist3d,17.0,1.0,1.0,0.8743225629416205,0.9083769633507852,4.190284729003906,1.0,1.0,1.0,0.6666666666666666,0.3720930232558139,0.4776119402985074
317,MedViT3D,vesselmnist3d,18.0,1.0,1.0,0.8846813473279824,0.9109947643979056,4.18665885925293,1.0,1.0,1.0,0.8,0.2790697674418604,0.4137931034482758
318,MedViT3D,vesselmnist3d,19.0,1.0,0.997752808988764,0.8508609453248267,0.900523560209424,4.2583091259002686,1.0,0.98,0.98989898989899,1.0,0.1162790697674418,0.2083333333333333
319,MedViT3D,vesselmnist3d,20.0,1.0,0.999250936329588,0.8325444192906634,0.8900523560209425,4.213497877120972,0.9933774834437086,1.0,0.9966777408637874,0.5238095238095238,0.2558139534883721,0.34375
